{
  "federateTypesAllowed": [
    "ABS",
    "BMS",
    "ConsoleLogger",
    "DataBase",
    "MCU",
    "VCU"
  ],
  "expectedFederates": [
    {
      "federateType": "ABS",
      "count": 1
    },
    {
      "federateType": "BMS",
      "count": 1
    },
    {
      "federateType": "ConsoleLogger",
      "count": 1
    },
    {
      "federateType": "DataBase",
      "count": 1
    },
    {
      "federateType": "MCU",
      "count": 1
    },
    {
      "federateType": "VCU",
      "count": 1
    }
  ],
  "lateJoinerFederates": [
    {
      "federateType": "ABS",
      "count": 0
    },
    {
      "federateType": "BMS",
      "count": 0
    },
    {
      "federateType": "ConsoleLogger",
      "count": 0
    },
    {
      "federateType": "DataBase",
      "count": 0
    },
    {
      "federateType": "MCU",
      "count": 0
    },
    {
      "federateType": "VCU",
      "count": 0
    }
  ]
}